Year,Rank,Male,N(Males),Female,N(Female)
2015,1,William,552,Emma,466
2015,2,Noah,520,Olivia,461
2015,3,Liam,512,Ava,458
2015,4,James,499,Charlotte,404
2015,5,Mason,450,Sophia,396
2015,6,Jackson,424,Abigail,367
2015,7,Jacob,410,Isabella,326
2015,8,Elijah,388,Elizabeth,305
2015,9,Michael,388,Madison,305
2015,10,Benjamin,385,Harper,300
2015,11,Alexander,372,Mia,286
2015,12,Ethan,368,Emily,276
2015,13,Aiden,360,Avery,254
2015,14,Lucas,341,Evelyn,239
2015,15,Daniel,336,Amelia,237
2015,16,Logan,334,Grace,224
2015,17,Matthew,331,Sofia,224
2015,18,John,328,Caroline,213
2015,19,Luke,321,Lillian,202
2015,20,Samuel,321,Savannah,201
2015,21,Henry,315,Aubrey,198
2015,22,Christopher,314,Ella,195
2015,23,Gabriel,312,Addison,193
2015,24,Andrew,303,Chloe,193
2015,25,David,301,Natalie,191
2015,26,Landon,299,Skylar,191
2015,27,Joseph,298,Layla,190
2015,28,Dylan,284,Hannah,188
2015,29,Joshua,282,Zoe,179
2015,30,Caleb,276,Scarlett,175
2015,31,Anthony,272,Victoria,170
2015,32,Grayson,269,Zoey,166
2015,33,Oliver,267,Allison,164
2015,34,Carter,265,Genesis,164
2015,35,Levi,255,Riley,161
2015,36,Wyatt,252,Aria,159
2015,37,Christian,251,Eleanor,158
2015,38,Thomas,248,Lily,157
2015,39,Jayden,245,Audrey,156
2015,40,Owen,244,Claire,154
2015,41,Ryan,236,Penelope,152
2015,42,Charles,233,Anna,151
2015,43,Cameron,230,Kennedy,147
2015,44,Colton,228,Mackenzie,146
2015,45,Isaac,227,Nora,146
2015,46,Connor,224,Katherine,143
2015,47,Hunter,224,Autumn,139
2015,48,Josiah,221,Leah,137
2015,49,Jack,214,Madelyn,135
2015,50,Isaiah,207,Samantha,135
2015,51,Jeremiah,204,Sadie,134
2015,52,Nathan,197,Brooklyn,130
2015,53,Robert,196,Reagan,129
2015,54,Jaxon,192,Maya,127
2015,55,Chase,190,Ariana,125
2015,56,Eli,186,Sarah,125
2015,57,Jonathan,185,Ashley,123
2015,58,Brayden,182,Cora,121
2015,59,Nicholas,172,Naomi,120
2015,60,Sebastian,170,Violet,120
2015,61,Adam,166,Alexa,118
2015,62,Zachary,162,Gabriella,118
2015,63,Austin,159,Kaylee,118
2015,64,Jordan,156,Brianna,115
2015,65,Nolan,155,Taylor,115
2015,66,Asher,150,London,114
2015,67,Julian,150,Lucy,111
2015,68,Parker,149,Paisley,110
2015,69,Gavin,147,Serenity,110
2015,70,Camden,145,Piper,109
2015,71,Jason,145,Arianna,108
2015,72,Tristan,140,Kylie,108
2015,73,Ayden,139,Alexandra,107
2015,74,Cooper,136,Mila,107
2015,75,Evan,136,Sydney,107
2015,76,Bryce,135,Aaliyah,106
2015,77,Ian,135,Lydia,105
2015,78,Declan,134,Stella,105
2015,79,Tyler,133,Annabelle,104
2015,80,Aaron,131,Madeline,104
2015,81,Dominic,127,Alyssa,103
2015,82,Adrian,125,Peyton,98
2015,83,Hudson,125,Mary,97
2015,84,Easton,124,Hailey,96
2015,85,Jaxson,124,Faith,95
2015,86,Brandon,122,Clara,94
2015,87,Kayden,122,Julia,94
2015,88,Theodore,121,Ellie,93
2015,89,Lincoln,120,Eva,92
2015,90,Nathaniel,115,Isabelle,91
2015,91,Jace,114,Josephine,91
2015,92,Kevin,114,Kinsley,91
2015,93,Micah,113,Aurora,90
2015,94,Ryder,111,Hazel,90
2015,95,Xavier,108,Eliana,89
2015,96,Carson,107,Lauren,89
2015,97,Ezra,107,Morgan,88
2015,98,Blake,105,Alexis,86
2015,99,Wesley,105,Nevaeh,86
2015,100,Angel,102,Camila,84
2010,1,William,621,Olivia,495
2010,2,Jacob,547,Sophia,464
2010,3,Michael,504,Isabella,447
2010,4,Alexander,453,Emma,444
2010,5,Ethan,442,Abigail,439
2010,6,James,439,Madison,401
2010,7,Noah,437,Ava,397
2010,8,Joshua,436,Emily,323
2010,9,Christopher,429,Chloe,320
2010,10,Aiden,424,Elizabeth,297
2010,11,Elijah,416,Addison,265
2010,12,Jayden,406,Alexis,251
2010,13,Andrew,402,Ella,242
2010,14,Mason,392,Hannah,233
2010,15,Jackson,391,Charlotte,224
2010,16,Ryan,381,Lillian,219
2010,17,Matthew,362,Natalie,210
2010,18,Samuel,356,Anna,202
2010,19,Daniel,353,Grace,200
2010,20,John,353,Sarah,196
2010,21,Benjamin,348,Lily,193
2010,22,Caleb,348,Allison,190
2010,23,Joseph,348,Zoe,188
2010,24,Liam,342,Alyssa,186
2010,25,David,341,Samantha,185
2010,26,Gabriel,340,Ashley,182
2010,27,Logan,337,Riley,180
2010,28,Christian,330,Brianna,177
2010,29,Landon,320,Nevaeh,174
2010,30,Anthony,316,Avery,173
2010,31,Tyler,303,Claire,170
2010,32,Nicholas,289,Mia,167
2010,33,Jonathan,285,Leah,166
2010,34,Nathan,284,Savannah,163
2010,35,Lucas,273,Sydney,158
2010,36,Dylan,263,Taylor,156
2010,37,Thomas,263,Julia,154
2010,38,Luke,259,Sofia,154
2010,39,Connor,253,Makayla,152
2010,40,Brayden,251,Hailey,151
2010,41,Charles,250,Layla,151
2010,42,Jeremiah,249,Katherine,147
2010,43,Isaiah,246,Evelyn,143
2010,44,Zachary,239,Peyton,142
2010,45,Evan,226,Gabriella,140
2010,46,Cameron,222,Morgan,140
2010,47,Chase,222,Amelia,139
2010,48,Owen,220,Victoria,134
2010,49,Justin,216,Caroline,132
2010,50,Robert,216,Kylie,130
2010,51,Gavin,215,Mackenzie,130
2010,52,Henry,212,Kaylee,129
2010,53,Brandon,208,Sophie,128
2010,54,Austin,207,Aubrey,127
2010,55,Kevin,201,Arianna,126
2010,56,Wyatt,196,Zoey,124
2010,57,Jason,195,Alexandra,123
2010,58,Hunter,192,Madeline,122
2010,59,Aaron,190,Autumn,119
2010,60,Isaac,188,Audrey,118
2010,61,Jordan,186,Madelyn,116
2010,62,Carter,181,Khloe,115
2010,63,Jack,181,Lauren,115
2010,64,Adam,175,Brooklyn,113
2010,65,Levi,175,Lucy,111
2010,66,Josiah,169,Kayla,109
2010,67,Tristan,159,Gabrielle,105
2010,68,Nathaniel,155,Genesis,105
2010,69,Ian,154,Trinity,105
2010,70,Colton,153,Jasmine,104
2010,71,Eli,147,Aaliyah,102
2010,72,Xavier,142,Naomi,102
2010,73,Grayson,140,Rachel,102
2010,74,Cole,136,Annabelle,100
2010,75,Sean,135,Faith,98
2010,76,Aidan,133,Brooke,97
2010,77,Parker,133,Eva,97
2010,78,Blake,132,Maya,97
2010,79,Colin,128,Alexa,95
2010,80,Dominic,128,Ariana,95
2010,81,Micah,128,Bella,94
2010,82,Adrian,122,Kennedy,94
2010,83,Bryce,122,London,92
2010,84,Jaden,118,Bailey,90
2010,85,Sebastian,116,Mary,90
2010,86,Patrick,113,Kendall,89
2010,87,Cooper,112,Kimberly,89
2010,88,Ayden,109,Kaitlyn,88
2010,89,Julian,109,Serenity,88
2010,90,Brian,108,Jocelyn,87
2010,91,Brody,107,Andrea,85
2010,92,Oliver,103,Molly,83
2010,93,Hayden,102,Reagan,83
2010,94,Bryan,96,Jordyn,81
2010,95,Timothy,95,Margaret,81
2010,96,Angel,94,Destiny,80
2010,97,Carson,94,Katelyn,80
2010,98,Camden,92,Lydia,78
2010,99,Eric,92,Sara,77
2010,100,Jose,91,Adriana,76
2005,1,William,746,Emily,593
2005,2,Jacob,733,Madison,570
2005,3,Michael,665,Emma,510
2005,4,Joshua,632,Hannah,476
2005,5,Matthew,568,Abigail,450
2005,6,Ethan,566,Sarah,387
2005,7,Christopher,563,Olivia,384
2005,8,Andrew,551,Elizabeth,377
2005,9,Ryan,524,Alexis,331
2005,10,James,509,Sophia,320
2005,11,Alexander,500,Ashley,312
2005,12,John,487,Isabella,309
2005,13,Joseph,480,Grace,302
2005,14,Daniel,464,Katherine,294
2005,15,Tyler,452,Ava,290
2005,16,Nicholas,449,Samantha,286
2005,17,David,441,Lauren,285
2005,18,Benjamin,415,Taylor,269
2005,19,Christian,412,Sydney,257
2005,20,Anthony,389,Kayla,255
2005,21,Noah,380,Natalie,255
2005,22,Samuel,380,Anna,245
2005,23,Nathan,371,Alyssa,239
2005,24,Jonathan,368,Victoria,220
2005,25,Zachary,364,Hailey,216
2005,26,Dylan,359,Chloe,203
2005,27,Caleb,334,Makayla,203
2005,28,Elijah,325,Brianna,201
2005,29,Brandon,317,Jessica,201
2005,30,Justin,316,Jasmine,199
2005,31,Jackson,314,Rachel,196
2005,32,Logan,314,Savannah,194
2005,33,Thomas,312,Ella,192
2005,34,Kevin,303,Julia,185
2005,35,Gabriel,290,Caroline,184
2005,36,Robert,290,Destiny,178
2005,37,Austin,281,Mary,176
2005,38,Cameron,281,Morgan,167
2005,39,Evan,274,Alexandra,166
2005,40,Luke,260,Mackenzie,165
2005,41,Jason,259,Haley,162
2005,42,Connor,257,Mia,160
2005,43,Aidan,254,Kaitlyn,159
2005,44,Hunter,253,Allison,154
2005,45,Jack,251,Megan,154
2005,46,Isaiah,250,Riley,151
2005,47,Charles,240,Lily,150
2005,48,Mason,240,Kaylee,148
2005,49,Aiden,237,Zoe,145
2005,50,Jordan,228,Madeline,144
2005,51,Jayden,220,Trinity,142
2005,52,Ian,211,Lillian,141
2005,53,Nathaniel,205,Brooke,137
2005,54,Owen,201,Jennifer,135
2005,55,Aaron,200,Faith,134
2005,56,Lucas,200,Leah,131
2005,57,Gavin,199,Catherine,130
2005,58,Landon,198,Gabrielle,124
2005,59,Adam,195,Jordan,124
2005,60,Brian,189,Sara,121
2005,61,Sean,171,Nevaeh,117
2005,62,Carter,167,Jada,116
2005,63,Eric,167,Rebecca,116
2005,64,Chase,158,Stephanie,116
2005,65,Jose,158,Angelina,111
2005,66,Kyle,150,Charlotte,111
2005,67,Steven,149,Claire,110
2005,68,Jeremiah,146,Kylie,108
2005,69,Colin,144,Jenna,107
2005,70,Timothy,144,Maria,107
2005,71,Isaac,143,Amelia,106
2005,72,Bryan,141,Maya,105
2005,73,Liam,141,Katelyn,104
2005,74,Hayden,140,Gabriella,103
2005,75,Richard,133,Sofia,103
2005,76,Xavier,132,Autumn,102
2005,77,Angel,129,Kimberly,102
2005,78,Patrick,127,Evelyn,100
2005,79,Cole,123,Erin,99
2005,80,Antonio,122,Nicole,98
2005,81,Blake,122,Avery,97
2005,82,Devin,122,Ariana,96
2005,83,Wyatt,122,Audrey,95
2005,84,Brayden,121,Madelyn,95
2005,85,Jaden,120,Margaret,93
2005,86,Seth,119,Michelle,92
2005,87,Trevor,118,Aaliyah,91
2005,88,Henry,117,Andrea,91
2005,89,Tristan,111,Danielle,91
2005,90,Dominic,110,Jocelyn,91
2005,91,Carlos,109,Paige,90
2005,92,Alex,108,Kendall,89
2005,93,Ashton,106,Courtney,88
2005,94,Parker,105,Amanda,87
2005,95,Riley,103,Katie,84
2005,96,Cody,102,Sierra,84
2005,97,Kenneth,102,Kathryn,83
2005,98,Carson,96,Peyton,83
2005,99,Juan,96,Reagan,81
2005,100,Malachi,96,Skylar,81
2000,1,Jacob,869,Hannah,708
2000,2,William,785,Emily,597
2000,3,Michael,777,Sarah,544
2000,4,Matthew,739,Madison,499
2000,5,Christopher,736,Alexis,450
2000,6,Joshua,727,Elizabeth,443
2000,7,John,636,Ashley,419
2000,8,Nicholas,620,Kayla,418
2000,9,Andrew,616,Taylor,409
2000,10,James,589,Lauren,399
2000,11,Zachary,576,Jessica,368
2000,12,Joseph,555,Abigail,367
2000,13,Ryan,548,Emma,349
2000,14,Tyler,544,Rachel,343
2000,15,Brandon,500,Olivia,327
2000,16,David,475,Anna,312
2000,17,Daniel,470,Samantha,303
2000,18,Justin,443,Sydney,301
2000,19,Alexander,437,Grace,299
2000,20,Benjamin,431,Haley,293
2000,21,Robert,422,Brianna,291
2000,22,Hunter,405,Victoria,284
2000,23,Austin,403,Katherine,279
2000,24,Noah,401,Megan,274
2000,25,Dylan,399,Morgan,268
2000,26,Thomas,397,Alyssa,253
2000,27,Christian,396,Caroline,237
2000,28,Jonathan,387,Destiny,230
2000,29,Cameron,379,Kaitlyn,230
2000,30,Ethan,363,Julia,229
2000,31,Jordan,352,Jasmine,228
2000,32,Samuel,330,Savannah,223
2000,33,Anthony,316,Rebecca,222
2000,34,Kevin,313,Mary,219
2000,35,Nathan,298,Jordan,216
2000,36,Kyle,282,Amanda,191
2000,37,Caleb,277,Hailey,191
2000,38,Brian,233,Amber,190
2000,39,Aaron,228,Jennifer,188
2000,40,Charles,226,Alexandra,182
2000,41,Logan,226,Nicole,178
2000,42,Eric,224,Allison,176
2000,43,Jason,224,Brittany,176
2000,44,Timothy,222,Gabrielle,174
2000,45,Isaiah,212,Brooke,167
2000,46,Nathaniel,205,Erin,165
2000,47,Adam,201,Mackenzie,157
2000,48,Elijah,198,Natalie,153
2000,49,Sean,196,Courtney,144
2000,50,Ian,190,Makayla,142
2000,51,Luke,185,Chloe,140
2000,52,Connor,183,Margaret,139
2000,53,Evan,180,Danielle,138
2000,54,Patrick,177,Katelyn,138
2000,55,Cody,172,Sierra,137
2000,56,Seth,172,Maria,133
2000,57,Richard,171,Sophia,131
2000,58,Steven,171,Sara,130
2000,59,Jackson,168,Stephanie,130
2000,60,Trevor,162,Madeline,128
2000,61,Mason,161,Autumn,126
2000,62,Devin,159,Kimberly,124
2000,63,Jack,157,Faith,122
2000,64,Gabriel,155,Jada,121
2000,65,Mark,147,Caitlin,119
2000,66,Jared,146,Catherine,117
2000,67,Chase,141,Zoe,117
2000,68,Dakota,140,Kathryn,113
2000,69,Stephen,138,Laura,112
2000,70,Cole,124,Trinity,110
2000,71,Kenneth,122,Cheyenne,107
2000,72,Garrett,121,Claire,107
2000,73,Isaac,116,Isabella,107
2000,74,Jalen,115,Jenna,107
2000,75,Aidan,113,Christina,106
2000,76,Bryan,113,Tiffany,103
2000,77,Bryce,112,Leah,101
2000,78,Alex,111,Lindsey,98
2000,79,Shawn,110,Diamond,93
2000,80,Travis,108,Kelly,91
2000,81,Spencer,107,Heather,90
2000,82,Jose,105,Mikayla,90
2000,83,Lucas,103,Shelby,88
2000,84,Gavin,101,Angel,87
2000,85,Xavier,101,Bailey,86
2000,86,Jeffrey,100,Kelsey,86
2000,87,Blake,96,Erica,85
2000,88,Corey,96,Andrea,82
2000,89,Paul,95,Mckenzie,82
2000,90,Antonio,93,Briana,81
2000,91,Jeremy,93,Caitlyn,80
2000,92,Colin,92,Meghan,80
2000,93,Dalton,91,Katie,79
2000,94,Jeremiah,90,Shannon,79
2000,95,Tanner,88,Skylar,78
2000,96,Marcus,87,Michelle,76
2000,97,Carlos,86,Cassidy,75
2000,98,Jesse,86,Jacqueline,75
2000,99,Malik,86,Mia,75
2000,100,Shane,85,Kaylee,73
1995,1,Michael,"1,049",Jessica,674
1995,2,Matthew,930,Emily,639
1995,3,Christopher,895,Sarah,638
1995,4,Joshua,820,Ashley,594
1995,5,William,774,Taylor,569
1995,6,Brandon,748,Brittany,537
1995,7,James,723,Rachel,490
1995,8,Tyler,709,Samantha,463
1995,9,Jacob,695,Hannah,455
1995,10,John,671,Kayla,453
1995,11,Nicholas,646,Elizabeth,442
1995,12,Zachary,611,Megan,397
1995,13,Andrew,607,Lauren,379
1995,14,David,588,Courtney,376
1995,15,Austin,578,Amanda,366
1995,16,Joseph,578,Amber,366
1995,17,Justin,578,Alexis,365
1995,18,Ryan,577,Morgan,341
1995,19,Robert,554,Victoria,340
1995,20,Daniel,528,Katherine,299
1995,21,Jonathan,464,Jasmine,296
1995,22,Alexander,449,Jennifer,276
1995,23,Thomas,409,Rebecca,264
1995,24,Cody,401,Brianna,263
1995,25,Kevin,397,Mary,251
1995,26,Aaron,381,Alexandra,249
1995,27,Kyle,374,Danielle,242
1995,28,Benjamin,370,Allison,239
1995,29,Anthony,351,Kelsey,226
1995,30,Samuel,334,Madison,224
1995,31,Charles,308,Stephanie,217
1995,32,Christian,304,Anna,212
1995,33,Timothy,285,Nicole,208
1995,34,Jordan,282,Tiffany,208
1995,35,Eric,266,Erin,206
1995,36,Dylan,260,Olivia,203
1995,37,Hunter,258,Haley,201
1995,38,Nathan,258,Jordan,200
1995,39,Brian,250,Brooke,197
1995,40,Patrick,241,Kaitlyn,193
1995,41,Steven,237,Sydney,181
1995,42,Sean,232,Abigail,180
1995,43,Adam,223,Christina,179
1995,44,Richard,217,Heather,177
1995,45,Jason,211,Kelly,170
1995,46,Logan,192,Sara,168
1995,47,Stephen,192,Chelsea,167
1995,48,Caleb,188,Katelyn,164
1995,49,Cameron,188,Laura,164
1995,50,Corey,188,Caroline,156
1995,51,Dakota,187,Kimberly,154
1995,52,Travis,174,Catherine,152
1995,53,Ian,166,Sierra,149
1995,54,Connor,164,Julia,148
1995,55,Devin,164,Kristen,146
1995,56,Dustin,161,Alyssa,144
1995,57,Jeremy,159,Shannon,144
1995,58,Evan,158,Caitlin,136
1995,59,Mark,156,Lindsey,136
1995,60,Jesse,152,Shelby,135
1995,61,Jeffrey,149,Margaret,131
1995,62,Taylor,149,Michelle,131
1995,63,Nathaniel,146,Kathryn,130
1995,64,Kenneth,138,Melissa,130
1995,65,Marcus,136,Katie,129
1995,66,Trevor,131,Savannah,128
1995,67,Gregory,128,Gabrielle,125
1995,68,Paul,118,Madeline,124
1995,69,Bryan,117,Natalie,123
1995,70,Bradley,116,Briana,120
1995,71,Alex,114,Erica,116
1995,72,Malik,113,Emma,112
1995,73,Edward,111,Miranda,105
1995,74,Shawn,110,Andrea,103
1995,75,Ethan,109,Amy,102
1995,76,Jared,109,Kaitlin,100
1995,77,Seth,106,Cheyenne,98
1995,78,Antonio,99,Destiny,96
1995,79,Luke,98,Paige,95
1995,80,Chase,97,Casey,94
1995,81,Noah,97,Mariah,93
1995,82,Jack,93,Jacqueline,92
1995,83,Derek,91,Molly,92
1995,84,Garrett,91,Angela,91
1995,85,Scott,89,Mackenzie,90
1995,86,Devon,88,Grace,89
1995,87,Isaiah,87,Jenna,89
1995,88,Wesley,86,Maria,86
1995,89,Elijah,85,Autumn,85
1995,90,George,84,Bethany,80
1995,91,Peter,84,Caitlyn,80
1995,92,Lucas,82,Marissa,80
1995,93,Mitchell,82,Crystal,78
1995,94,Cory,81,Rachael,78
1995,95,Brett,80,Ashleigh,77
1995,96,Darius,78,Erika,77
1995,97,Gabriel,78,Kara,77
1995,98,Phillip,78,Holly,76
1995,99,Troy,78,Breanna,74
1995,100,Blake,77,Whitney,74
1990,1,Christopher,"1,501",Brittany,"1,230"
1990,2,Michael,"1,478",Jessica,"1,192"
1990,3,Joshua,"1,242",Ashley,"1,162"
1990,4,Matthew,"1,094",Amanda,845
1990,5,James,"1,016",Sarah,770
1990,6,William,842,Lauren,577
1990,7,Robert,837,Samantha,548
1990,8,John,812,Megan,544
1990,9,Andrew,805,Emily,529
1990,10,David,779,Elizabeth,519
1990,11,Justin,778,Stephanie,492
1990,12,Daniel,743,Jennifer,470
1990,13,Joseph,704,Amber,459
1990,14,Ryan,644,Courtney,448
1990,15,Jonathan,634,Heather,445
1990,16,Brandon,630,Rachel,425
1990,17,Zachary,526,Tiffany,422
1990,18,Thomas,506,Katherine,368
1990,19,Nicholas,496,Rebecca,368
1990,20,Kevin,478,Jasmine,365
1990,21,Anthony,448,Chelsea,336
1990,22,Kyle,438,Kayla,334
1990,23,Jacob,435,Danielle,333
1990,24,Timothy,431,Mary,327
1990,25,Steven,421,Melissa,306
1990,26,Charles,411,Christina,297
1990,27,Benjamin,400,Laura,291
1990,28,Travis,397,Nicole,286
1990,29,Brian,396,Michelle,279
1990,30,Stephen,382,Kelly,274
1990,31,Tyler,380,Kimberly,258
1990,32,Eric,369,Kristen,251
1990,33,Alexander,355,Victoria,250
1990,34,Richard,354,Hannah,238
1990,35,Aaron,350,Erin,228
1990,36,Patrick,317,Caitlin,223
1990,37,Adam,312,Amy,202
1990,38,Sean,294,Sara,202
1990,39,Mark,277,Erica,200
1990,40,Jeffrey,269,Lindsey,200
1990,41,Jeremy,269,Alexandra,199
1990,42,Jordan,268,Kelsey,194
1990,43,Cody,266,Anna,185
1990,44,Samuel,266,Crystal,185
1990,45,Corey,264,Morgan,185
1990,46,Jason,235,Whitney,185
1990,47,Nathan,234,Brittney,182
1990,48,Kenneth,228,Kathryn,175
1990,49,Bryan,202,Andrea,174
1990,50,Gregory,201,Catherine,173
1990,51,Dustin,199,Shannon,171
1990,52,Paul,195,Taylor,171
1990,53,Derek,186,Kristin,167
1990,54,Ethan,174,Allison,156
1990,55,Scott,172,Jordan,150
1990,56,Ian,164,Angela,147
1990,57,Antonio,156,Alyssa,146
1990,58,Austin,156,Casey,134
1990,59,Shawn,156,Holly,133
1990,60,Marcus,155,Lindsay,131
1990,61,Cameron,154,Jamie,130
1990,62,Jesse,153,Margaret,130
1990,63,Edward,146,Olivia,130
1990,64,Cory,144,Alexis,129
1990,65,Taylor,142,Christine,129
1990,66,Keith,132,Brooke,125
1990,67,Donald,131,April,120
1990,68,Bradley,130,Alicia,119
1990,69,Nathaniel,130,Kathleen,119
1990,70,Phillip,129,Katie,115
1990,71,Evan,127,Kaitlyn,110
1990,72,Jared,126,Kristina,109
1990,73,George,121,Meghan,109
1990,74,Christian,117,Cassandra,107
1990,75,Chad,116,Natalie,107
1990,76,Philip,110,Caroline,106
1990,77,Wesley,108,Katelyn,106
1990,78,Douglas,107,Lisa,104
1990,79,Peter,107,Melanie,103
1990,80,Caleb,105,Ashleigh,102
1990,81,Shane,104,Jacqueline,102
1990,82,Logan,103,Julia,102
1990,83,Alex,102,Kaitlin,97
1990,84,Ronald,102,Erika,96
1990,85,Derrick,94,Brianna,90
1990,86,Trevor,94,Tara,90
1990,87,Hunter,90,Kara,86
1990,88,Dominique,89,Virginia,86
1990,89,Brett,88,Monica,82
1990,90,Raymond,88,Ariel,80
1990,91,Devin,86,Brandi,80
1990,92,Blake,83,Raven,80
1990,93,Dylan,81,Rachael,79
1990,94,Seth,80,Abigail,78
1990,95,Casey,79,Gabrielle,78
1990,96,Curtis,79,Molly,78
1990,97,Gary,78,Natasha,78
1990,98,Vincent,78,Maria,77
1990,99,Darius,75,Ebony,76
1990,100,Jose,75,Leah,74
1985,1,Christopher,"1,562",Ashley,"1,310"
1985,2,Michael,"1,462",Jessica,"1,240"
1985,3,Matthew,"1,130",Amanda,935
1985,4,Joshua,"1,070",Jennifer,929
1985,5,James,"1,061",Sarah,616
1985,6,David,919,Heather,600
1985,7,John,860,Stephanie,531
1985,8,Brandon,857,Elizabeth,485
1985,9,Robert,852,Megan,475
1985,10,William,842,Crystal,423
1985,11,Daniel,766,Tiffany,422
1985,12,Justin,684,Lauren,408
1985,13,Jason,669,Kimberly,403
1985,14,Andrew,661,Brittany,390
1985,15,Joseph,651,Christina,386
1985,16,Jonathan,639,Nicole,379
1985,17,Brian,568,Melissa,376
1985,18,Ryan,549,Laura,374
1985,19,Thomas,448,Rebecca,349
1985,20,Timothy,427,Amy,345
1985,21,Eric,418,Rachel,345
1985,22,Kevin,412,Kelly,327
1985,23,Steven,412,Danielle,321
1985,24,Charles,393,Katherine,319
1985,25,Adam,389,Mary,318
1985,26,Anthony,384,Amber,300
1985,27,Richard,365,Emily,300
1985,28,Nicholas,356,Erin,287
1985,29,Benjamin,352,Michelle,275
1985,30,Stephen,331,Samantha,259
1985,31,Jeffrey,312,Sara,244
1985,32,Travis,309,Shannon,243
1985,33,Mark,307,Kristen,224
1985,34,Jeremy,275,April,217
1985,35,Patrick,273,Jamie,208
1985,36,Sean,269,Courtney,204
1985,37,Kyle,266,Angela,187
1985,38,Aaron,260,Allison,174
1985,39,Kenneth,254,Lindsey,168
1985,40,Zachary,251,Krystal,166
1985,41,Bryan,226,Andrea,165
1985,42,Gregory,221,Kathryn,161
1985,43,Paul,203,Erica,159
1985,44,Marcus,202,Lindsay,151
1985,45,Jacob,199,Lisa,150
1985,46,Dustin,197,Whitney,148
1985,47,Nathan,196,Christine,146
1985,48,Shawn,190,Kristin,143
1985,49,Samuel,173,Victoria,140
1985,50,Alexander,168,Catherine,136
1985,51,Edward,163,Holly,130
1985,52,Scott,154,Tara,130
1985,53,Donald,144,Kristina,126
1985,54,Tyler,141,Brandy,122
1985,55,Jesse,134,Latoya,118
1985,56,Derek,132,Kathleen,114
1985,57,Corey,131,Alicia,113
1985,58,Antonio,122,Meghan,112
1985,59,Bradley,122,Anna,111
1985,60,Ronald,120,Brandi,111
1985,61,George,115,Katie,111
1985,62,Keith,114,Patricia,100
1985,63,Phillip,109,Monica,99
1985,64,Chad,107,Karen,98
1985,65,Jordan,103,Jacqueline,97
1985,66,Larry,100,Julia,94
1985,67,Derrick,98,Leslie,93
1985,68,Jared,97,Margaret,93
1985,69,Peter,94,Natasha,92
1985,70,Cory,93,Julie,90
1985,71,Philip,91,Meredith,89
1985,72,Douglas,89,Jenna,88
1985,73,Ian,89,Cynthia,87
1985,74,Curtis,88,Caitlin,86
1985,75,Nathaniel,88,Dominique,86
1985,76,Wesley,87,Virginia,86
1985,77,Gary,84,Stacy,85
1985,78,Raymond,79,Candice,82
1985,79,Joel,77,Sheena,82
1985,80,Carl,74,Candace,80
1985,81,Andre,72,Carrie,79
1985,82,Brett,72,Susan,77
1985,83,Craig,72,Dana,75
1985,84,Evan,70,Krystle,75
1985,85,Brent,67,Melanie,75
1985,86,Devin,67,Tracy,75
1985,87,Erik,67,Casey,74
1985,88,Cody,66,Ebony,74
1985,89,Johnathan,65,Alison,73
1985,90,Shane,65,Ashleigh,73
1985,91,Shaun,65,Caroline,72
1985,92,Todd,65,Anne,71
1985,93,Seth,64,Natalie,71
1985,94,Rodney,63,Vanessa,71
1985,95,Bobby,62,Alexandra,68
1985,96,Russell,62,Cassandra,68
1985,97,Adrian,61,Maria,68
1985,98,Tony,60,Pamela,68
1985,99,Vincent,60,Meagan,66
1985,100,Jeremiah,59,Rachael,66
1980,1,Michael,"1,432",Jennifer,"1,251"
1980,2,Christopher,"1,290",Amanda,876
1980,3,Jason,"1,091",Jessica,821
1980,4,James,"1,028",Melissa,593
1980,5,David,983,Sarah,552
1980,6,Robert,841,Elizabeth,519
1980,7,John,827,Crystal,467
1980,8,William,808,Heather,467
1980,9,Matthew,792,Kimberly,460
1980,10,Joshua,670,Amy,437
1980,11,Brian,657,Stephanie,418
1980,12,Joseph,592,Christina,405
1980,13,Jonathan,537,Tiffany,404
1980,14,Daniel,536,Rebecca,379
1980,15,Justin,515,Angela,366
1980,16,Kevin,458,Mary,365
1980,17,Timothy,451,Michelle,354
1980,18,Charles,446,April,317
1980,19,Thomas,438,Laura,314
1980,20,Travis,417,Kelly,299
1980,21,Andrew,410,Lisa,296
1980,22,Jeremy,384,Erin,295
1980,23,Richard,384,Shannon,288
1980,24,Eric,370,Nicole,254
1980,25,Adam,360,Katherine,251
1980,26,Ryan,359,Rachel,237
1980,27,Brandon,319,Megan,223
1980,28,Anthony,305,Sara,222
1980,29,Steven,298,Ashley,221
1980,30,Jeffrey,291,Amber,214
1980,31,Nicholas,279,Kristin,209
1980,32,Benjamin,273,Lauren,194
1980,33,Mark,266,Emily,192
1980,34,Stephen,264,Catherine,175
1980,35,Paul,251,Jamie,161
1980,36,Kenneth,230,Kristen,158
1980,37,Aaron,229,Brandy,157
1980,38,Patrick,228,Andrea,153
1980,39,Nathan,214,Kathryn,153
1980,40,Gregory,209,Carrie,150
1980,41,Scott,203,Courtney,146
1980,42,Shawn,203,Erica,146
1980,43,Bryan,166,Karen,142
1980,44,Sean,165,Christine,140
1980,45,Chad,161,Allison,129
1980,46,Donald,154,Julie,129
1980,47,Derek,150,Melanie,124
1980,48,Samuel,149,Samantha,123
1980,49,Edward,148,Tracy,122
1980,50,George,147,Holly,121
1980,51,Bradley,145,Leslie,120
1980,52,Keith,143,Tara,120
1980,53,Jesse,136,Dana,118
1980,54,Ronald,136,Danielle,117
1980,55,Larry,127,Patricia,117
1980,56,Marcus,126,Stacey,116
1980,57,Antonio,121,Monica,113
1980,58,Douglas,117,Susan,113
1980,59,Phillip,117,Wendy,112
1980,60,Derrick,111,Natasha,109
1980,61,Corey,106,Tina,109
1980,62,Jacob,104,Tonya,107
1980,63,Shaun,104,Lori,105
1980,64,Dustin,102,Alicia,98
1980,65,Wesley,102,Katrina,98
1980,66,Curtis,92,Christy,96
1980,67,Gary,92,Latoya,91
1980,68,Nathaniel,92,Cynthia,90
1980,69,Jerry,88,Lindsay,90
1980,70,Raymond,87,Stacy,90
1980,71,Peter,86,Dawn,89
1980,72,Carl,84,Brandi,87
1980,73,Jamie,84,Kristina,87
1980,74,Terry,83,Kristy,87
1980,75,Jared,80,Pamela,87
1980,76,Bobby,77,Virginia,87
1980,77,Russell,77,Margaret,86
1980,78,Tony,77,Candice,85
1980,79,Dennis,76,Kathleen,85
1980,80,Jermaine,73,Katie,85
1980,81,Jeremiah,71,Anna,84
1980,82,Wayne,71,Brooke,84
1980,83,Erik,70,Tanya,84
1980,84,Randy,70,Anne,81
1980,85,Philip,69,Misty,80
1980,86,Troy,68,Natalie,77
1980,87,Craig,66,Tammy,77
1980,88,Kyle,65,Meredith,75
1980,89,Shane,65,Tabitha,74
1980,90,Alexander,64,Latasha,73
1980,91,Frank,64,Victoria,73
1980,92,Rodney,63,Sharon,72
1980,93,Ian,62,Maria,70
1980,94,Zachary,62,Robin,69
1980,95,Todd,61,Tasha,69
1980,96,Walter,61,Jacqueline,68
1980,97,Roger,60,Monique,68
1980,98,Brent,59,Alison,67
1980,99,Jeffery,58,Ebony,66
1980,100,Mario,57,Valerie,66
1975,1,Michael,"1,521",Jennifer,"1,292"
1975,2,Christopher,"1,406",Amy,791
1975,3,James,"1,116",Angela,654
1975,4,Jason,995,Melissa,564
1975,5,Robert,909,Kimberly,551
1975,6,David,899,Michelle,501
1975,7,John,898,Heather,492
1975,8,William,839,Stephanie,446
1975,9,Brian,685,Lisa,363
1975,10,Matthew,576,Mary,340
1975,11,Kevin,516,Christina,335
1975,12,Joseph,474,Rebecca,329
1975,13,Charles,458,Crystal,298
1975,14,Thomas,423,Elizabeth,293
1975,15,Timothy,408,Sarah,274
1975,16,Richard,398,Amanda,271
1975,17,Daniel,393,Kelly,259
1975,18,Eric,376,April,243
1975,19,Steven,368,Shannon,238
1975,20,Mark,351,Tammy,226
1975,21,Jeffrey,344,Jessica,224
1975,22,Anthony,334,Wendy,223
1975,23,Jonathan,321,Laura,217
1975,24,Stephen,294,Susan,211
1975,25,Gregory,257,Tonya,211
1975,26,Scott,253,Nicole,209
1975,27,Andrew,249,Karen,204
1975,28,Kenneth,246,Tracy,204
1975,29,Shawn,245,Julie,183
1975,30,Paul,223,Tina,181
1975,31,Benjamin,212,Cynthia,179
1975,32,Jeremy,205,Dawn,179
1975,33,Joshua,205,Tanya,167
1975,34,Ryan,195,Christine,166
1975,35,Aaron,189,Christy,164
1975,36,Patrick,187,Carrie,152
1975,37,Keith,184,Patricia,151
1975,38,Donald,174,Tiffany,151
1975,39,Bryan,173,Rachel,149
1975,40,Gary,172,Andrea,146
1975,41,Larry,169,Catherine,144
1975,42,Ronald,167,Lori,143
1975,43,Chad,161,Katherine,140
1975,44,George,160,Emily,138
1975,45,Sean,143,Erin,137
1975,46,Adam,141,Pamela,135
1975,47,Rodney,141,Tara,129
1975,48,Edward,140,Leslie,126
1975,49,Travis,139,Melanie,126
1975,50,Justin,136,Robin,124
1975,51,Bradley,133,Teresa,124
1975,52,Samuel,122,Dana,123
1975,53,Nathan,117,Holly,114
1975,54,Raymond,115,Sherry,113
1975,55,Todd,113,Margaret,112
1975,56,Douglas,112,Stacy,110
1975,57,Brandon,111,Sandra,108
1975,58,Troy,106,Donna,105
1975,59,Jerry,102,Sharon,104
1975,60,Roger,102,Misty,103
1975,61,Dennis,100,Rhonda,103
1975,62,Phillip,100,Monica,100
1975,63,Tony,98,Stacey,99
1975,64,Marcus,94,Brandy,98
1975,65,Antonio,93,Christie,97
1975,66,Corey,90,Tracey,97
1975,67,Russell,88,Kristen,95
1975,68,Terry,87,Danielle,94
1975,69,Jamie,85,Kristin,90
1975,70,Craig,81,Linda,90
1975,71,Roy,81,Erica,89
1975,72,Shane,80,Kathryn,88
1975,73,Carl,79,Ashley,85
1975,74,Walter,79,Courtney,84
1975,75,Bobby,78,Melinda,84
1975,76,Frank,77,Allison,83
1975,77,Andre,75,Denise,83
1975,78,Peter,73,Cheryl,82
1975,79,Darrell,71,Sara,80
1975,80,Shannon,71,Tamara,80
1975,81,Randy,69,Regina,79
1975,82,Allen,66,Ann,78
1975,83,Derrick,66,Barbara,78
1975,84,Curtis,64,Katrina,78
1975,85,Jesse,64,Michele,78
1975,86,Wayne,64,Samantha,77
1975,87,Johnny,63,Virginia,77
1975,88,Lawrence,63,Anne,74
1975,89,Derek,62,Felicia,72
1975,90,Dwayne,60,Jamie,71
1975,91,Jermaine,60,Kathleen,71
1975,92,Joel,60,Jill,70
1975,93,Philip,60,Anna,69
1975,94,Calvin,59,Amber,68
1975,95,Danny,59,Megan,67
1975,96,Bruce,58,Nancy,67
1975,97,Ronnie,58,Theresa,64
1975,98,Clifton,56,Carla,61
1975,99,Melvin,56,Deborah,61
1975,100,Tyrone,55,Jacqueline,59
1970,1,Michael,"1,843",Kimberly,953
1970,2,James,"1,666",Jennifer,944
1970,3,David,"1,377",Lisa,898
1970,4,Robert,"1,377",Angela,769
1970,5,William,"1,331",Michelle,696
1970,6,John,"1,296",Melissa,652
1970,7,Christopher,"1,153",Tammy,634
1970,8,Mark,736,Amy,583
1970,9,Charles,732,Mary,537
1970,10,Brian,697,Karen,488
1970,11,Richard,682,Elizabeth,447
1970,12,Kevin,662,Stephanie,424
1970,13,Jeffrey,658,Susan,419
1970,14,Thomas,637,Tracy,409
1970,15,Timothy,575,Pamela,397
1970,16,Joseph,539,Laura,363
1970,17,Steven,495,Teresa,352
1970,18,Anthony,475,Sharon,328
1970,19,Eric,466,Shannon,327
1970,20,Kenneth,457,Wendy,327
1970,21,Gregory,446,Heather,324
1970,22,Stephen,403,Dawn,320
1970,23,Matthew,400,Patricia,320
1970,24,Scott,395,Cynthia,319
1970,25,Paul,370,Tina,303
1970,26,Jason,348,Donna,290
1970,27,Daniel,343,Rebecca,282
1970,28,Ronald,324,Julie,273
1970,29,Edward,305,Sandra,270
1970,30,Donald,303,Kelly,267
1970,31,Gary,283,Deborah,244
1970,32,George,273,Christine,232
1970,33,Douglas,246,Robin,231
1970,34,Jonathan,236,Tonya,230
1970,35,Keith,227,Lori,228
1970,36,Larry,225,Rhonda,223
1970,37,Shawn,217,Catherine,211
1970,38,Patrick,214,Sherry,203
1970,39,Andrew,204,Linda,200
1970,40,Rodney,189,Katherine,195
1970,41,Jerry,187,Barbara,192
1970,42,Sean,187,Tracey,189
1970,43,Todd,186,Cheryl,181
1970,44,Dennis,168,Nicole,171
1970,45,Bryan,161,Brenda,166
1970,46,Troy,158,Christina,166
1970,47,Raymond,156,Leslie,165
1970,48,Terry,151,Denise,159
1970,49,Walter,145,Michele,155
1970,50,Tony,142,Dana,152
1970,51,Roger,137,Monica,151
1970,52,Samuel,135,Tara,148
1970,53,Craig,126,Crystal,145
1970,54,Russell,120,Debra,144
1970,55,Aaron,118,Andrea,141
1970,56,Phillip,116,Stacey,141
1970,57,Bobby,114,Sarah,140
1970,58,Barry,112,April,136
1970,59,Darrell,110,Kathy,134
1970,60,Jeffery,109,Anne,133
1970,61,Bradley,107,Sabrina,133
1970,62,Marcus,107,Victoria,132
1970,63,Curtis,105,Stacy,130
1970,64,Dwayne,105,Theresa,129
1970,65,Gerald,105,Nancy,128
1970,66,Wayne,105,Ann,125
1970,67,Carl,104,Virginia,124
1970,68,Randy,104,Carolyn,122
1970,69,Travis,104,Margaret,122
1970,70,Marvin,103,Sheila,122
1970,71,Randall,101,Carol,121
1970,72,Frank,93,Kathryn,121
1970,73,Roy,91,Jacqueline,120
1970,74,Billy,90,Paula,120
1970,75,Chris,90,Melinda,117
1970,76,Jimmy,90,Wanda,117
1970,77,Lawrence,89,Regina,114
1970,78,Calvin,86,Melanie,108
1970,79,Corey,86,Kathleen,107
1970,80,Benjamin,85,Janet,103
1970,81,Ernest,84,Cindy,101
1970,82,Bruce,83,Carla,100
1970,83,Vincent,83,Tanya,100
1970,84,Ronnie,82,Terri,98
1970,85,Jeremy,81,Rachel,97
1970,86,Johnny,81,Amanda,96
1970,87,Danny,80,Diane,94
1970,88,Antonio,79,Valerie,93
1970,89,Glenn,78,Tamara,91
1970,90,Alan,76,Beverly,89
1970,91,Henry,76,Carrie,89
1970,92,Jon,75,Julia,89
1970,93,Allen,74,Christy,88
1970,94,Harold,74,Jill,88
1970,95,Ricky,74,Laurie,87
1970,96,Derek,73,Sherri,86
1970,97,Melvin,73,Anita,81
1970,98,Philip,73,Holly,79
1970,99,Peter,72,Kimberley,78
1970,100,Chad,70,Beth,77
1965,1,James,"1,789",Lisa,"1,571"
1965,2,Michael,"1,621",Karen,869
1965,3,Robert,"1,487",Mary,823
1965,4,David,"1,486",Kimberly,783
1965,5,John,"1,453",Angela,657
1965,6,William,"1,312",Donna,613
1965,7,Richard,793,Patricia,598
1965,8,Timothy,766,Teresa,595
1965,9,Charles,759,Susan,582
1965,10,Mark,757,Cynthia,560
1965,11,Jeffrey,716,Pamela,549
1965,12,Thomas,710,Tammy,529
1965,13,Kenneth,612,Sharon,523
1965,14,Kevin,579,Deborah,469
1965,15,Christopher,569,Elizabeth,450
1965,16,Joseph,515,Linda,412
1965,17,Steven,471,Sandra,404
1965,18,Anthony,458,Robin,396
1965,19,Brian,436,Jennifer,378
1965,20,Gregory,435,Barbara,353
1965,21,Donald,434,Brenda,350
1965,22,Paul,417,Laura,324
1965,23,Ronald,406,Melissa,324
1965,24,Gary,361,Tina,302
1965,25,Rodney,360,Rebecca,291
1965,26,Daniel,342,Cheryl,289
1965,27,Stephen,342,Sherry,283
1965,28,George,338,Rhonda,278
1965,29,Edward,323,Tracy,263
1965,30,Eric,305,Michelle,244
1965,31,Scott,297,Stephanie,236
1965,32,Keith,273,Amy,233
1965,33,Douglas,253,Kathy,233
1965,34,Larry,251,Wanda,228
1965,35,Jerry,227,Carolyn,226
1965,36,Tony,212,Debra,225
1965,37,Ricky,209,Sheila,224
1965,38,Roger,202,Jacqueline,217
1965,39,Terry,195,Nancy,217
1965,40,Patrick,189,Janet,212
1965,41,Barry,183,Dawn,210
1965,42,Jeffery,175,Theresa,210
1965,43,Darryl,172,Wendy,210
1965,44,Dennis,172,Denise,203
1965,45,Randy,167,Kelly,198
1965,46,Carl,166,Carol,193
1965,47,Andrew,162,Lori,187
1965,48,Wayne,162,Valerie,185
1965,49,Matthew,160,Julie,183
1965,50,Raymond,157,Christine,182
1965,51,Walter,151,Margaret,176
1965,52,Frank,149,Kim,172
1965,53,Curtis,146,Catherine,162
1965,54,Troy,146,Ann,154
1965,55,Danny,135,Paula,153
1965,56,Samuel,135,Connie,149
1965,57,Bobby,134,Virginia,147
1965,58,Roy,134,Diane,145
1965,59,Glenn,132,Andrea,139
1965,60,Ronnie,131,Penny,139
1965,61,Todd,131,Debbie,138
1965,62,Billy,130,Kathleen,137
1965,63,Bruce,129,Anne,135
1965,64,Marvin,124,Katherine,135
1965,65,Phillip,124,Joyce,134
1965,66,Darrell,121,Sarah,133
1965,67,Vincent,117,Leslie,126
1965,68,Randall,116,Betty,125
1965,69,Calvin,113,Bonnie,124
1965,70,Jonathan,109,Michele,122
1965,71,Lawrence,109,Tracey,122
1965,72,Craig,108,Anita,121
1965,73,Willie,108,Martha,121
1965,74,Allen,107,Regina,121
1965,75,Dwayne,107,Cindy,120
1965,76,Henry,107,Dana,118
1965,77,Russell,106,Darlene,117
1965,78,Alan,103,Terri,115
1965,79,Steve,103,Janice,113
1965,80,Bryan,101,Judy,113
1965,81,Reginald,95,Shirley,112
1965,82,Howard,93,Crystal,111
1965,83,Jimmy,91,Carla,110
1965,84,Peter,91,Beverly,109
1965,85,Clarence,90,Monica,107
1965,86,Gerald,90,Diana,106
1965,87,Philip,90,Annette,104
1965,88,Darren,89,Melinda,104
1965,89,Melvin,88,Vickie,103
1965,90,Chris,87,Kathryn,99
1965,91,Ernest,87,Renee,97
1965,92,Benjamin,83,Maria,96
1965,93,Johnny,83,Cathy,92
1965,94,Tracy,83,Sherri,92
1965,95,Harold,82,Suzanne,92
1965,96,Earl,81,Laurie,91
1965,97,Mike,79,Dorothy,89
1965,98,Ralph,79,Alice,88
1965,99,Harry,76,Peggy,88
1965,100,Albert,75,Shelia,87
1960,1,James,"1,888",Mary,"1,097"
1960,2,David,"1,739",Donna,981
1960,3,Michael,"1,694",Deborah,796
1960,4,Robert,"1,535",Patricia,779
1960,5,William,"1,505",Susan,768
1960,6,John,"1,475",Linda,750
1960,7,Mark,950,Cynthia,742
1960,8,Charles,848,Karen,715
1960,9,Richard,842,Brenda,705
1960,10,Thomas,804,Sandra,656
1960,11,Timothy,749,Teresa,645
1960,12,Kenneth,702,Sharon,641
1960,13,Jeffrey,571,Pamela,612
1960,14,Steven,554,Lisa,605
1960,15,Donald,519,Barbara,565
1960,16,Joseph,498,Debra,547
1960,17,Ronald,470,Elizabeth,496
1960,18,Gary,469,Kathy,473
1960,19,Larry,438,Robin,454
1960,20,Anthony,410,Tammy,413
1960,21,Gregory,402,Cheryl,407
1960,22,George,392,Debbie,393
1960,23,Paul,380,Nancy,367
1960,24,Edward,374,Wanda,344
1960,25,Ricky,373,Kimberly,341
1960,26,Kevin,354,Carolyn,339
1960,27,Stephen,336,Janet,333
1960,28,Jerry,329,Rebecca,315
1960,29,Douglas,310,Carol,299
1960,30,Dennis,309,Sherry,277
1960,31,Daniel,308,Angela,276
1960,32,Terry,299,Joyce,274
1960,33,Christopher,274,Margaret,256
1960,34,Keith,271,Cindy,249
1960,35,Danny,258,Diane,244
1960,36,Brian,255,Laura,244
1960,37,Tony,243,Theresa,243
1960,38,Barry,239,Rhonda,237
1960,39,Roger,235,Connie,236
1960,40,Randy,221,Betty,232
1960,41,Raymond,220,Denise,232
1960,42,Jeffery,208,Tina,225
1960,43,Wayne,204,Cathy,223
1960,44,Steve,202,Judy,218
1960,45,Bruce,196,Janice,210
1960,46,Frank,188,Beverly,207
1960,47,Carl,186,Bonnie,201
1960,48,Ronnie,184,Martha,201
1960,49,Bobby,182,Sheila,200
1960,50,Scott,182,Catherine,199
1960,51,Walter,171,Shirley,195
1960,52,Samuel,168,Annette,189
1960,53,Johnny,156,Gloria,180
1960,54,Calvin,154,Kim,180
1960,55,Eric,153,Darlene,179
1960,56,Roy,153,Katherine,179
1960,57,Curtis,150,Terri,176
1960,58,Phillip,149,Valerie,173
1960,59,Marvin,141,Anita,170
1960,60,Rodney,141,Terry,169
1960,61,Russell,141,Ann,167
1960,62,Andrew,139,Jennifer,167
1960,63,Billy,138,Virginia,159
1960,64,Lawrence,138,Vickie,147
1960,65,Dale,136,Julie,143
1960,66,Mike,136,Phyllis,143
1960,67,Alan,135,Peggy,142
1960,68,Clarence,134,Dorothy,140
1960,69,Harold,132,Frances,140
1960,70,Glenn,125,Lori,139
1960,71,Randall,125,Rita,134
1960,72,Jimmy,124,Anne,133
1960,73,Melvin,122,Michelle,133
1960,74,Howard,119,Sarah,132
1960,75,Patrick,119,Jacqueline,129
1960,76,Darrell,116,Kathleen,128
1960,77,Craig,115,Diana,122
1960,78,Henry,113,Ellen,122
1960,79,Ralph,113,Vanessa,121
1960,80,Willie,111,Ruth,119
1960,81,Dwayne,110,Regina,118
1960,82,Allen,109,Stephanie,117
1960,83,Arthur,107,Kathryn,116
1960,84,Joe,105,Alice,113
1960,85,Jeff,104,Helen,113
1960,86,Harry,102,Vicki,110
1960,87,Ernest,101,Wendy,108
1960,88,Peter,101,Jane,105
1960,89,Stanley,101,Julia,105
1960,90,Alvin,100,Joan,104
1960,91,Gerald,99,Paula,104
1960,92,Bryan,98,Shelia,103
1960,93,Jack,98,Suzanne,103
1960,94,Micheal,98,Kelly,102
1960,95,Earl,95,Christine,101
1960,96,Reginald,94,Dawn,100
1960,97,Eddie,91,Gwendolyn,100
1960,98,Ray,89,Judith,99
1960,99,Albert,86,Amy,98
1960,100,Carlton,86,Rose,98